Id,Key,DisplayName,SpriteFolder,BodyScale,WalkSpeed,Strength,Agility,Magic,Vitality,SkillId,Note,AuraVfxId,HaloStyle,HaloColor,TrailStyle,TrailColor,TrailVfxId,OrbitVfxId
# ─────────────────────────────────────────────────────────────────────────────,,,,,,,,,,,,,,,,,,
# 血統表（表B）。一列 = 一種血統（= 某個系列的某一階，或「人類」）。,,,,,,,,,,,,,,,,,,
#,,,,,,,,,,,,,,,,,,
# 血統藥劑（ItemTable 的 BloodlineID 欄）指到這裡的 Id。,,,,,,,,,,,,,,,,,,
# 「這個血統屬於哪個系列、在第幾階」查 BloodlineSeriesTable.csv（表A），這裡不重複記。,,,,,,,,,,,,,,,,,,
#,,,,,,,,,,,,,,,,,,
# ⚠⚠ 五個屬性裡目前只有 WalkSpeed 會套用，其餘四個「只存數值、完全不套用」⚠⚠,,,,,,,,,,,,,,,,,,
#    遊戲裡還沒有角色屬性系統（力量/敏捷/魔力/體力 沒有任何一處會讀它們），,,,,,,,,,,,,,,,,,,
#    這些數字純粹是先把管線接通、讓「表A 查得到表B 的數值」這條路可用。,,,,,,,,,,,,,,,,,,
#    數值本身是佔位用的概念值，之後屬性系統做好再一起校平衡。,,,,,,,,,,,,,,,,,,
#    → 現階段換血統，遊戲體感上**只有外型與立繪會變**，戰力完全不變，這是預期行為。,,,,,,,,,,,,,,,,,,
#,,,,,,,,,,,,,,,,,,
#    （舊版這裡有 MaxHpAdd / MoveSpeedMul / OutgoingDamageBonusPercent 三個會真的生效的欄位，,,,,,,,,,,,,,,,,,,
#      那也是沒實裝屬性系統時的權宜概念，已於 2026-08-18 移除，避免兩套數值打架。）,,,,,,,,,,,,,,,,,,
#,,,,,,,,,,,,,,,,,,
# 欄位說明：,,,,,,,,,,,,,,,,,,
#   Id            血統 Id（唯一）。1 固定保留給「人類（初始外型）」。,,,,,,,,,,,,,,,,,,
#                 系列成員的 Id 慣例見表A：一個系列一個十位段。,,,,,,,,,,,,,,,,,,
#   Key           程式用英文代號（除錯訊息用）。,,,,,,,,,,,,,,,,,,
#   DisplayName   玩家看得到的名字。,,,,,,,,,,,,,,,,,,
#   BodyScale     體型倍率（以人類 Base 為 1）。留空/≤0 = 1。,,,,,,,,,,,,,,,,,,
#                 ⚠ 這一欄是**純視覺**的：它只改「角色圖畫多大」（PlayerController.CharacterWorldHeight,,,,,,,,,,,,,,,,,,
#                   乘上它，再交給 PlayerAnimator 換算每張圖的縮放），**不動碰撞框、不動任何數值**。,,,,,,,,,,,,,,,,,,
#                 為什麼需要它：引擎本來就會把每個血統的 idle 可見高度正規化成同一個世界高度，,,,,,,,,,,,,,,,,,,
#                   所以四組素材「量出來」其實高度差不多（Base 193px / 殭屍 174 / 毛殭 197 / 旱魃 175）；,,,,,,,,,,,,,,,,,,
#                   但正規化只看高度不看體積與姿勢，瘦長挺立的圖看起來就是比橫向壯碩的圖小一號。,,,,,,,,,,,,,,,,,,
#                   這一欄就是拿來「用眼睛校正」那個落差的，調到看順眼為止即可。,,,,,,,,,,,,,,,,,,
#                 變身演出的煙霧與電弧會自動跟著這個倍率放大（取變身前後較大的那一個），不必另外調。,,,,,,,,,,,,,,,,,,
#   SpriteFolder  外型資料夾「相對路徑」（2026-09-09 起依系列分一層，例 Feralborn/Werewolf；Base 仍在根層），,,,,,,,,,,,,,,,,,,
#                 同時決定兩件事：,,,,,,,,,,,,,,,,,,
#                   ・動作序列圖 GameAssets/Main/Characters/SequenceImage/<這一欄>/{idle,walk,dead,attack}/,,,,,,,,,,,,,,,
#                   ・對話立繪   GameAssets/Main/Characters/Talk/<這一欄>/<情緒>.png,,,,,,,,,,,,,,,,,,
#                 兩邊資料夾必須同名。留空 = 不換外型。,,,,,,,,,,,,,,,,,,
#                 ⚠ 加了新資料夾一定要跑 Project Tools → Sync Map Assets，,,,,,,,,,,,,,,,,,,
#                   否則執行期載不到圖，角色會變成只剩影子。,,,,,,,,,,,,,,,,,,
#   WalkSpeed     行走速度。**這一欄會真的套用**（2026-09-09 接上）：換血統時寫進 PlayerController.MoveSpeed，,,,,,,,,,,,,,,,,,,
#                 走路動畫的速度基準也會同步更新。⚠ 留空或 ≤0 ＝ 不套用、維持 Inspector 值（預設 5）。,,,,,,,,,,,,,,,,,,
#                 ⚠ 目前這一欄的數字（人類 5、其他一律 10）是屬性系統前的佔位值，等於一喝藥就兩倍速——,,,,,,,,,,,,,,,,,,
#                 要嘛重填成實際想要的速度、要嘛清空，實機調過再定。,,,,,,,,,,,,,,,,,,
#   Strength      力量    （概念值，未套用）,,,,,,,,,,,,,,,,,,
#   Agility       敏捷    （概念值，未套用）,,,,,,,,,,,,,,,,,,
#   Magic         魔力    （概念值，未套用）,,,,,,,,,,,,,,,,,,
#   Vitality      體力    （概念值，未套用）,,,,,,,,,,,,,,,,,,
#   SkillId       預留：血統附帶的技能。⚠ 技能系統目前還不存在，填了只會印一則提示。,,,,,,,,,,,,,,,,,,
#   Note          備註（程式不讀）。,,,,,,,,,,,,,,,,,,
#   ── 以下五欄為「第三階神格特效」，全部留空 = 沒有任何特效（現有血統即為此狀態）──,,,,,,,,,,,,,,,,,,
#   AuraVfxId     環繞全身的特效，填 VfxTable 的 ID（該特效必須 Loop=1、Duration=-1）。留空 = 無。,,,,,,,,,,,,,,,,,,
#                 ⚠ 排序由 BloodlineAura 每幀接管（進 Y 排序帶，與角色同進退），,,,,,,,,,,,,,,,,,,
#                   所以 VfxTable 那列的 SortingOrder 對這個用途不生效，只是沒接管時的退路。,,,,,,,,,,,,,,,,,,
#   HaloStyle     背後圓盤樣式：Disc（同心光輪）/ Cracked（龜裂日輪）/ Crescent（殘月）/ Stone（岩輪）。留空 = 無。,,,,,,,,,,,,,,,,,,
#   HaloColor     圓盤顏色，六位 hex（可省略 #）。⚠ 專案是 Linear 色彩空間，,,,,,,,,,,,,,,,,,,
#                 亮色疊在暗底上比直覺重一倍，填「感覺值的一半」才對（見 PROBLEMS E11）。,,,,,,,,,,,,,,,,,,
#   TrailStyle    移動殘影：Fade（角色虛影淡出）/ Dust（腳下揚塵）。留空 = 無。,,,,,,,,,,,,,,,,,,
#   TrailColor    殘影染色，六位 hex（可省略 #）。留空 = 用角色原色。,,,,,,,,,,,,,,,,,,
#   TrailVfxId    殘影／腳印要用的 VfxTable id（只有 TrailStyle=Fire、Dust 這種「放特效」的樣式才需要）。,,,,,,,,,,,,,,,,,,
#                 Fade（複製角色 sprite 當虛影）不吃這一欄。,,,,,,,,,,,,,,,,,,
# ─────────────────────────────────────────────────────────────────────────────,,,,,,,,,,,,,,,,,,
#   OrbitVfxId    身體周圍浮空繞行的物件（碎石／骨頭／符咒…）用的 VfxTable id。,,,,,,,,,,,,,,,,,,
#                 那一列必須 Loop=1、Duration=-1（常駐，生死由 BloodlineOrbit 管）。,,,,,,,,,,,,,,,,,,
#                 顆數／軌道半徑／轉速在 BloodlineOrbit 元件上調（Play 中即時生效）。,,,,,,,,,,,,,,,,,,
1,Human,人類,Base,1,5,5,5,1,1,,初始外型（最基礎數值）。輪迴後回到這個狀態,,,,,,,
10,Jiangshi,殭屍,Jiangshi/Jiangshi,1,5,20,10,5,20,,殭屍系列 第一階,,,,,,,
11,Maojiang,毛殭,Jiangshi/Maojiang,1.5,5,40,15,15,40,,殭屍系列 第二階,,,,,,,
12,Hanba,旱魃,Jiangshi/Hanba,1.2,5,60,25,30,60,,殭屍系列 第三階,,Disk,C08A1E,,,,
20,Bloodseeker,覓血者,Bloodborn/Bloodseeker,1,5,15,25,20,15,,血族系列 第一階（數值為佔位，待屬性系統再校）,,,,,,,
21,CrimsonCount,血伯爵,Bloodborn/Crimson Count,1.5,5,35,40,40,35,,血族系列 第二階（數值為佔位，待屬性系統再校）,,,,,,,
22,Cain,該隱,Bloodborn/Cain,1.5,5,60,55,60,55,,血族系列 第三階（數值為佔位，待屬性系統再校）,,Disc,A01018,,,,
30,Werewolf,狼人,Feralborn/Werewolf,1.2,5,25,15,5,20,,狂族系列 第一階（數值為佔位，待屬性系統再校）,,,,,,,
31,Moonwatcher,望月者,Feralborn/Moonwatcher,1.5,5,45,25,10,45,,狂族系列 第二階（BodyScale 憑印象給，實機看過再定）,,,,,,,
32,Fenrir,芬里爾,Feralborn/Fenrir,1.4,5,70,40,15,70,,狂族系列 第三階（BodyScale 憑印象給，實機看過再定）,,,,Step,,33,
40,Gargoyle,石像鬼,Gaiaborn/Gargoyle,1.5,2,25,8,10,25,,土裔系列 第一階（數值為佔位，待屬性系統再校；BodyScale 先填 1，實機看過再定）,,,,,,,
41,MountainGiant,山嶽巨人,Gaiaborn/MountainGiant,2,2,50,12,15,50,,土裔系列 第二階（數值為佔位，待屬性系統再校；BodyScale 先填 1，實機看過再定）,,,,,,,
42,Titan,泰坦,Gaiaborn/Titan,1.8,2,80,20,25,80,,土裔系列 第三階（數值為佔位，待屬性系統再校；BodyScale 先填 1，實機看過再定）,,,,,,,36
50,Foundation,築基期,SpiritRoot/Foundation,1.1,,15,20,30,15,,靈根系列 第一階（數值為佔位；BodyScale 先填 1、WalkSpeed 留空＝不改速度，實機看過再定）,,,,,,,
51,NascentSoul,元嬰期,SpiritRoot/Nascent Soul,1.1,,25,30,55,30,,靈根系列 第二階（同上；SpriteFolder 含空白＝照資料夾實際名稱，勿去掉）,,,,,,,
52,DivineForm,化神期,SpiritRoot/Divine Form,1.1,,40,45,85,50,,靈根系列 第三階（同上；SpriteFolder 含空白＝照資料夾實際名稱，勿去掉）,37,,,,,,
