ID(配方 ID/武器表用 RecipeID 引用；不可重複),Name(配方名稱/只給人看，程式不讀),Mode(發射模式/一列只能一種；留空＝Normal/空=Normal),FireInterval(發射間隔（秒）/越小射越快；Laser/Aura 無效（按住就在）/空=0.3),Speed(飛行速度/每秒世界單位；Orbital＝繞圈的切線速度/空=15),Radius(碰撞半徑/越大越容易打中；Laser 改用武器表 BeamWidth/空=0.1),LifeTime(存活秒數/-1＝不因時間消失；Orbital＝整組到期時間/空=3),RotationSpeed(自轉速度（度/秒）/純視覺/空=0),PierceCount(穿透數/0＝碰到就停；-1＝無限穿透/空=0),BlockedByEnvironment(被地形擋/0＝穿過牆（需 PierceCount≠0）/空=1),SpreadCount(分裂／散射數/一發幾顆／幾道；1＝不分/空=1),SpreadAngle(扇形總角度（度）/N 顆在此角度內平均展開/空=0),SplitTiming(分裂時機/留空＝OnSpawn（發射時就分）；OnHit＝打中才分；OnDeath＝飛到底才分/空=OnSpawn),SubRecipeID(分裂子彈配方 ID/留空＝繼承自身；SkyStrike＝落點接連鎖的配方),BounceTarget(反彈對象/None／Environment（牆）／Enemy（怪）/空=None),MaxBounces(最大反彈次數/空=0),HomingTurnSpeed(追蹤轉向速度（度/秒）/0＝不追蹤；90 慢 180 中 360 快/空=0),Range(射程/Laser 光束長度（-1＝無限）／Chain 首段射程／GroundCast 施放距離),AreaRadius(範圍半徑/Parabolic 落地爆炸／SkyStrike 落雷 AOE／Melee 扇形半徑),GroundEffectID(地面特效 ID/命中／落地時放一個 GroundEffect；Aura／GroundCast 則是本體必填/空=0),GroundEffectHitTarget(地面特效觸發對象/Enemy／Environment／Any／Ground（Parabolic 落地）/空=Enemy),TrailStep(軌跡點間距/>0 時每飛這麼遠沿路種一個武器表 TrailEffectID 的特效（地刺）/空=0),SubWeaponOnHit(命中迸發子武器 ID/武器表 ID；打中時在命中點射出那把武器/空=0),SubWeaponHitTarget(迸發觸發對象/Enemy／Environment／All/空=Enemy),OrbitalRadius(環繞半徑/空=2),OrbitalCount(環繞數量/空=3),FlightTime(飛行秒數/不論遠近都飛這麼久才落地（原本借用 Speed 欄）/空=1),ArcHeight(弧頂高度/視覺假高度（世界單位）/空=2),LaunchSource(發射來源/Player／Offscreen（從畫面外飛進來）/空=Player),LandingScatterRadius(落點隨機半徑/空=0),DotInterval(傷害節拍（秒）/光束每 N 秒對掃到的目標各結算一次/空=0.5),ChainCount(跳躍次數/總命中＝1＋跳數（原本借用 MaxBounces 欄）/空=0),ChainRadius(每跳搜尋半徑/空=4),AimConeAngle(首段鎖定錐半角（度）/0＝要正好瞄到；180＝鎖最近任意方向（原本借用 HomingTurnSpeed 欄）/空=0),SnapRadius(落點吸附半徑/落點附近這個半徑內有怪就吸過去（原本借用 HomingTurnSpeed 欄）/空=0),SegmentedColumn(分段全高雷柱/1＝從畫面頂鋪到落點的分段雷柱（九霄雷獄）/空=0),SummonIds(可召喚怪物 ID/用 | 分隔，每次隨機抽一個),SummonCount(每次召喚幾隻/空=1),SummonMaxAlive(同時存在上限/空=4),SummonRadius(生成半徑/空=2),SummonEachOnce(池裡每個 ID 各召一隻/1＝忽略 SummonCount、池內每個 ID 各生一隻、不重複、生成角度平均分開；空=0 照 SummonCount 隨機抽),MeleeAngle(扇形總角度（度）/空=100),DashDistance(突進距離/空=4),DashWidth(掃擊寬度/空=1),ChargeMode(集氣模式/1＝按住 3 秒放開才施放（傷害×3、視覺×2）；Laser/Aura 不可/空=0),ChargeTimeReduction(集氣時間縮減/30%＝縮短 30%；-20%＝延長 20%/空=0%),BurstCount(連擊發數/扣一次扳機連射幾發（一份魔力、只扣一次；每發各自分裂）；1＝不連擊；Laser/Aura/Orbital 不可（連擊珠改這欄）/空=1),BurstInterval(連擊間隔（秒）/連擊每發之間隔多久；FireInterval 從最後一發算起/空=0.1),ParallelCount(平行道數/同方向並排幾道（全從玩家出生、飛出去 0.15 秒散開拉直）；1＝不平行；每道各自分裂／反彈／追蹤（平行珠改這欄）/空=1),ParallelSpacing(平行間距/相鄰兩道的距離（世界單位）/空=0.45),ParallelMaxWidth(平行總寬上限/整排最寬幾單位；道數多到超過就壓縮間距（畫面高 10 單位）/空=3),CageSeconds(困住秒數/時間到才崩裂結算傷害/空=5),CageMaxTargets(同時困住上限/這根武器同時最多關幾隻；關滿就放不出來、也不扣魔；能力珠可加/空=1),CageRadius(搜尋半徑/從玩家身上量，此半徑內隨機挑一隻沒被關的怪/空=8),CageBurstMul(崩裂傷害倍率/崩裂傷害＝武器 Damage × 此值；走一般結算，吃減傷與加成/空=5)
# ── 通用：ID / Name / Mode / FireInterval,,,,,,,,,,,,,,,,,,,,,,,,,,,,,,,,,,,,,,,,,,,,,,,,,,
# ── 子彈本體：Speed / Radius / LifeTime / RotationSpeed / PierceCount / BlockedByEnvironment,,,,,,,,,,,,,,,,,,,,,,,,,,,,,,,,,,,,,,,,,,,,,,,,,,
# ── 多發：SpreadCount / SpreadAngle / SplitTiming / SubRecipeID,,,,,,,,,,,,,,,,,,,,,,,,,,,,,,,,,,,,,,,,,,,,,,,,,,
# ── 反彈：BounceTarget / MaxBounces,,,,,,,,,,,,,,,,,,,,,,,,,,,,,,,,,,,,,,,,,,,,,,,,,,
# ── 追蹤：HomingTurnSpeed,,,,,,,,,,,,,,,,,,,,,,,,,,,,,,,,,,,,,,,,,,,,,,,,,,
# ── 射程範圍：Range / AreaRadius,,,,,,,,,,,,,,,,,,,,,,,,,,,,,,,,,,,,,,,,,,,,,,,,,,
# ── 命中附加：GroundEffectID / GroundEffectHitTarget / TrailStep / SubWeaponOnHit / SubWeaponHitTarget,,,,,,,,,,,,,,,,,,,,,,,,,,,,,,,,,,,,,,,,,,,,,,,,,,
# ── 環繞：OrbitalRadius / OrbitalCount,,,,,,,,,,,,,,,,,,,,,,,,,,,,,,,,,,,,,,,,,,,,,,,,,,
# ── 拋物線：FlightTime / ArcHeight / LaunchSource / LandingScatterRadius,,,,,,,,,,,,,,,,,,,,,,,,,,,,,,,,,,,,,,,,,,,,,,,,,,
# ── 雷射：DotInterval,,,,,,,,,,,,,,,,,,,,,,,,,,,,,,,,,,,,,,,,,,,,,,,,,,
# ── 連鎖：ChainCount / ChainRadius / AimConeAngle,,,,,,,,,,,,,,,,,,,,,,,,,,,,,,,,,,,,,,,,,,,,,,,,,,
# ── 落雷：SnapRadius / SegmentedColumn,,,,,,,,,,,,,,,,,,,,,,,,,,,,,,,,,,,,,,,,,,,,,,,,,,
# ── 召喚：SummonIds / SummonCount / SummonMaxAlive / SummonRadius / SummonEachOnce,,,,,,,,,,,,,,,,,,,,,,,,,,,,,,,,,,,,,,,,,,,,,,,,,,
# ── 近戰：MeleeAngle,,,,,,,,,,,,,,,,,,,,,,,,,,,,,,,,,,,,,,,,,,,,,,,,,,
# ── 突進：DashDistance / DashWidth,,,,,,,,,,,,,,,,,,,,,,,,,,,,,,,,,,,,,,,,,,,,,,,,,,
# ── 集氣：ChargeMode / ChargeTimeReduction,,,,,,,,,,,,,,,,,,,,,,,,,,,,,,,,,,,,,,,,,,,,,,,,,,
# ── 連擊：BurstCount / BurstInterval,,,,,,,,,,,,,,,,,,,,,,,,,,,,,,,,,,,,,,,,,,,,,,,,,,
# ── 平行 Normal/Parabolic：ParallelCount / ParallelSpacing / ParallelMaxWidth,,,,,,,,,,,,,,,,,,,,,,,,,,,,,,,,,,,,,,,,,,,,,,,,,,
1,快速直線飛行,,0.2,20,0.1,3,,1,,,,,,,,,,,,,,,,,,,,,,,,,,,,,,,,,,,,,,,,,,
2,慢速旋轉飛行,,0.2,10,0.1,3,720,1,,,,,,,,,,,,,,,,,,,,,,,,,,,,,,,,,,,,,,,,,,
3,3分裂無旋轉,,0.2,20,0.1,3,,3,,3,60,OnSpawn,4,Environment,,,,,,,,,,,,,,,,,,,,,,,,,,,,,,,,,,,,
4,反彈無旋轉,,0.2,20,0.1,3,,,,,,,,Environment,3,,,,,,,,,,,,,,,,,,,,,,,,,,,,,,,,,,,
5,5分裂旋轉,,0.2,10,0.1,3,720,3,,5,60,OnSpawn,6,Environment,,,,,,,,,,,,,,,,,,,,,,,,,,,,,,,,,,,,
6,反彈旋轉,,0.2,10,0.1,3,720,,,,,,,Environment,3,,,,,,,,,,,,,,,,,,,,,,,,,,,,,,,,,,,
7,追蹤彈,,0.3,20,0.1,5,,3,,,,,,,,180,,,,,,,,,,,,,,,,,,,,,,,,,,,,,,,,,,
8,3分裂追蹤彈,,0.2,20,0.1,3,,3,,3,60,OnSpawn,,,,180,,,,,,,,,,,,,,,,,,,,,,,,,,,,1,90%,,,,,
9,火焰環繞彈,Orbital,0.3,4,0.1,5,,-1,0,,,,,,,,,,,,,,,1.5,9,,,,,,,,,,,,,,,,,,,,,,,,,
10,火焰直線彈,,0.5,20,0.1,3,,,,,,,,,,,,,8,,,,,,,,,,,,,,,,,,,,,,,,,,,,,,,
11,8分裂追蹤彈,,0.2,20,0.1,3,,8,,3,60,OnSpawn,,,,180,,,8,,,,,,,,,,,,,,,,,,,,,,,,,,,,,,,
12,玩家丟出火焰拋物線彈,Parabolic,0.5,,,,,,,,,,,,,,,1.5,8,Ground,,,,,,1,2.5,,3,,,,,,,,,,,,,,,,,,,,,
13,螢幕外丟出火焰拋物線彈,Parabolic,0.5,,,,,,,10,60,,,,,,,1.5,,,,,,,,1,2.5,Offscreen,3,,,,,,,,,,,,,,,,,,,,,
14,單一雷射追蹤光束,Laser,,,,,,-1,,,,,,,,180,18,,,,,,,,,,,,,0.3,,,,,,,,,,,,,,,,,,,,
15,單一雷射反彈光束,Laser,,,,,,-1,,,,,,Environment,3,,40,,,,,,,,,,,,,0.3,,,,,,,,,,,,,,,,,,,,
16,三分裂雷射追蹤光束,Laser,,,,,,-1,,3,60,,,,,180,18,,,,,,,,,,,,,0.3,,,,,,,,,,,,,,,,,,,,
17,三分裂雷射反彈光束,Laser,,,,,,-1,,3,60,,,Environment,3,,40,,,,,,,,,,,,,0.3,,,,,,,,,,,,,,,,,,,,
18,十分裂雷射追蹤光束,Laser,,,,,,-1,,10,60,,,,,180,18,,,,,,,,,,,,,0.3,,,,,,,,,,,,,,,,,,,,
19,地刺,,1,20,0.3,10,,-1,,3,50,OnSpawn,,Environment,3,,,,,,1.5,,,,,,,,,,,,,,,,,,,,,,,,,,,,,
20,火焰噴射,Laser,,,,,,-1,,3,60,,,,,180,5,,,,1,,,,,,,,,0.2,,,,,,,,,,,,,,,,,,,,
21,佛光,Aura,,,,,,,,,,,,,,,,,2,,,,,,,,,,,,,,,,,,,,,,,,,,,,,,,
22,連鎖閃電,Chain,0.5,,,,,,,3,60,,,,,,15,,,,,,,,,,,,,,4,4,180,,,,,,,,,,,,,,,,,
24,蜂巢彈,,0.6,12,0.2,3,50,,,,,,,,,,,,,,,12,All,,,,,,,,,,,,,,,,,,,,,,,,,,,
25,蜜蜂彈,,0.2,10,0.15,3,,,,3,60,OnSpawn,,,,180,,,,,,,,,,,,,,,,,,,,,,,,,,,,,,,,,,
26,召喚-紅嫁衣家人,Summon,3,,,,,,,,,,,,,,,,,,,,,,,,,,,,,,,,,2|3|4|5|6|7|8|9|10|11|12,2,2,2,,,,,,,,,,,
27,御靈水晶-召喚雜魚,Summon,1.5,,,,,,,,,,,,,,,,,,,,,,,,,,,,,,,,,1,1,1,1.5,,,,,,,,,,,
28,紅嫁衣大絕-家人齊聚,Summon,0.1,,,,,,,,,,,,,,,,,,,,,,,,,,,,,,,,,2|3|4|5|6|7|8|9|10|11|12,,11,3.5,1,,,,,,,,,,
34,血月鬼爪,Melee,0.55,,,,,,,,,,,,,,,2.1,,,,,,,,,,,,,,,,,,,,,,,110,,,,,,,,,
35,虛空吞口,GroundCast,1.2,,,,,,,,,,,,,,9,,3,,,,,,,,,,,,,,,,,,,,,,,,,,,,,,,
37,九霄雷獄,SkyStrike,0.9,,,,,,,,,,,,,,,1.6,,,,,,,,,,,,,,,,,1,,,,,,,,,,,,,,,
38,幽影突,Dash,0.7,,,,,,,,,,,,,,,,,,,,,,,,,,,,,,,,,,,,,,,5,1.2,,,,,,,
40,冰封法陣,GroundCast,1.3,,,,,,,,,,,,,,9,,6,,,,,,,,,,,,,,,,,,,,,,,,,,,,,,,
41,死字咒,GroundCast,2.5,,,,,,,,,,,,,,10,,7,,,,,,,,,,,,,,,,,,,,,,,,,,,,,,,
42,鏡界折光,Laser,,,,,,-1,,,,,,Environment,3,,-1,,,,,,,,,,,,,0.2,,,,,,,,,,,,,,,,,,,,
43,三連擊直線彈,,0.6,20,,3,,1,,,,,,,,,,,,,,,,,,,,,,,,,,,,,,,,,,,,,,3,0.08,,,
44,單發直飛無能力,,,,,,,,,,,,,,,,,,,,,,,,,,,,,,,,,,,,,,,,,,,,,,,,,
45,三道平行直線彈,,0.4,20,,3,,1,,,,,,,,,,,,,,,,,,,,,,,,,,,,,,,,,,,,,,,,3,,
46,單發炮彈,,0.9,12,0.25,3,,,,,,,,,,,,,,,,,,,,,,,,,,,,,,,,,,,,,,,,,,,,
47,骨牢-束縛崩裂,Cage,1.5,,,,,,,,,,,,,,,,,,,,,,,,,,,,,,,,,,,,,,,,,,,,,,,,,,,
60,夢境-萬劍歸宗(化神期),,0.3,18,0.2,3,,2,,5,70,OnSpawn,,,,360,,,,,,,,,,,,,,,,,,,,,,,,,,,,,,,,,,,,,,
61,夢境-焚天火雨(旱魃),Parabolic,0.5,,,,,,,9,0,,,,,,,0.6,9,Ground,,,,,,0.7,4,Offscreen,2.5,,,,,,,,,,,,,,,,,,,,,,,,,
62,夢境-龍息(尼德霍格),Laser,,,,,,-1,,5,70,,,,,120,7.5,,,,0.8,,,,,,,,,0.2,,,,,,,,,,,,,,,,,,,,,,,,
63,夢境-血月雙爪(該隱),Melee,0.3,,,,,,,,,,,,,,,2.6,,,,,,,,,,,,,,,,,,,,,,,180,,,,,2,0.12,,,,,,,
64,夢境-天狼焚爪(芬里爾),Melee,0.4,,,,,,,,,,,,,,,2.4,,,,,,,,,,,,,,,,,,,,,,,150,,,,,3,0.1,,,,,,,
65,夢境-山崩地裂(泰坦),,0.6,15,0.6,0.8,,-1,,8,315,OnSpawn,,,,,,,,,1,,,,,,,,,,,,,,,,,,,,,,,,,,,,,,,,,
66,夢境-雷雨天罰(應龍),SkyStrike,0.45,,,,,,,5,80,,67,,,,,1.8,,,,,,,,,,,,,,,,3,1,,,,,,,,,,,,,,,,,,,
67,夢境-雷雨天罰的落點連鎖(子配方),Chain,,,,,,,,,,,,,,,,,,,,,,,,,,,,,3,4,,,,,,,,,,,,,,,,,,,,,,
68,夢境-萬蟲巢(蟲皇),,0.4,13,0.25,3,60,,,4,50,OnSpawn,,,,,,,,,,68,All,,,,,,,,,,,,,,,,,,,,,,,,,,,,,,,
69,夢境-蟲群(萬蟲巢的子武器),,0.2,11,0.15,3,,1,,6,300,OnSpawn,,,,360,,,,,,,,,,,,,,,,,,,,,,,,,,,,,,,,,,,,,,
70,焚獄炎杖-地火追蹤(尼德霍格夢境),,0.35,13,0.4,0.9,,2,,5,80,OnSpawn,,,,240,,,,,0.8,,,,,,,,,,,,,,,,,,,,,,,,,2,0.15,,,,,,,
71,血鳴古鐘-直線連爆(該隱夢境),,0.5,5,1.3,2.4,,-1,0,,,,,,,,,,,,2,,,,,,,,,,,,,,,,,,,,,,,,,,,,,,,,,
72,魔狼爪-五道焰刃(芬里爾夢境),,0.3,12,1.4,1.2,,3,,5,100,OnSpawn,,,,,,,,,,,,,,,,,,,,,,,,,,,,,,,,,,,,,,,,,,
73,血滴子-旋鋸反彈,,0.7,10,0.68,4,,3,,,,,,Environment,4,,,,,,,,,,,,,,,,,,,,,,,,,,,,,,,,,,,,,,,
74,引魂幡-單顆鬼頭追魂,,0.6,7,0.8,4,,,,,,,,,,150,,,,,,,,,,,,,,,,,,,,,,,,,,,,,,,,,,,,,,
75,餓鬼牙符-短程噬咬,,0.5,11,1.6,0.9,,,,,,,,,,,,,,,,,,,,,,,,,,,,,,,,,,,,,,,,,,,,,,,,
76,玄冰針匣-單發冰針,,0.45,18,0.2,2,,2,,,,,,,,,,,,,,,,,,,,,,,,,,,,,,,,,,,,,,,,,,,,,,
77,柳葉飛刀-三刀追蹤,,0.35,16,0.3,2.5,,,,3,30,,,,,120,,,,,,,,,,,,,,,,,,,,,,,,,,,,,,,,,,,,,,
78,飛蝗石-連射彈牆,,0.15,17,0.2,2,,,,,,,,Environment,2,,,,,,,,,,,,,,,,,,,,,,,,,,,,,,,,,,,,,,,
79,掌心雷-雷珠命中迸電,,0.8,8,0.8,3,,,,,,,,,,,,,,,,48,All,,,,,,,,,,,,,,,,,,,,,,,,,,,,,,,
80,掌心雷電弧(子武器),,0.2,12,0.15,1.2,,,,4,120,,,,,360,,,,,,,,,,,,,,,,,,,,,,,,,,,,,,,,,,,,,,
81,無間輪-慢速穿牆輾壓,,1.2,4,1.35,4,,-1,0,,,,,,,,,,,,,,,,,,,,,,,,,,,,,,,,,,,,,,,,,,,,,
82,落星羅盤-隕石燒地,,1.0,9,1.2,3,,,,,,,,,,,,,8,Any,,,,,,,,,,,,,,,,,,,,,,,,,,,,,,,,,,
83,屍毒葫蘆-拋擲毒雲,Parabolic,0.8,,,,,,,,,,,,,,,0.24,10,Ground,,,,,,0.8,2,,,,,,,,,,,,,,,,,,,,,,,,,,,
84,霹靂火彈-十字爆,Parabolic,0.9,,,,360,,,,,,,,,,,1.8,,,,,,,,0.9,2.5,,,,,,,,,,,,,,,,,,,,,,,,,,,
85,八卦護身印-四印環繞,Orbital,0.3,4,0.53,5,,-1,0,,,,,,,,,,,,,,,1.6,4,,,,,,,,,,,,,,,,,,,,,,,,,,,,,
